{"cameraMode":{"drawMode":0,"name":"Shaded","section":"Shading Mode"},"sceneLighting":false,"audioPlay":false,"sceneViewState":{"showFog":true,"showMaterialUpdate":false,"showSkybox":false,"showFlares":true,"showImageEffects":true,"showParticleSystems":true},"in2DMode":false,"pivot":{"x":-5.710000038146973,"y":0.5200000405311585,"z":0.0},"rotation":{"x":0.02460649609565735,"y":-0.006887404248118401,"z":0.0001689185737632215,"w":0.9996735453605652},"size":7.031440734863281,"orthographic":true}