{"cameraMode":{"drawMode":0,"name":"Shaded","section":"Shading Mode"},"sceneLighting":false,"audioPlay":false,"sceneViewState":{"showFog":true,"showMaterialUpdate":false,"showSkybox":false,"showFlares":true,"showImageEffects":true,"showParticleSystems":true},"in2DMode":false,"pivot":{"x":-4.070000171661377,"y":0.13999998569488526,"z":-0.10000000149011612},"rotation":{"x":-0.06355492770671845,"y":-0.019162960350513459,"z":0.001221177284605801,"w":-0.9977936148643494},"size":2.2379560470581056,"orthographic":false}