{"cameraMode":{"drawMode":0,"name":"Shaded","section":"Shading Mode"},"sceneLighting":false,"audioPlay":false,"sceneViewState":{"showFog":true,"showMaterialUpdate":false,"showSkybox":false,"showFlares":true,"showImageEffects":true,"showParticleSystems":true},"in2DMode":false,"pivot":{"x":-3.890000343322754,"y":-4.429999828338623,"z":0.0},"rotation":{"x":-0.06355492770671845,"y":-0.019162960350513459,"z":0.001221177284605801,"w":-0.9977936148643494},"size":3.2558248043060304,"orthographic":false}