{"cameraMode":{"drawMode":0,"name":"Shaded","section":"Shading Mode"},"sceneLighting":false,"audioPlay":false,"sceneViewState":{"showFog":true,"showMaterialUpdate":false,"showSkybox":false,"showFlares":true,"showImageEffects":true,"showParticleSystems":true},"in2DMode":false,"pivot":{"x":-9.300000190734864,"y":6.21999979019165,"z":0.0},"rotation":{"x":0.029064379632472993,"y":0.05306299030780792,"z":-0.001545734005048871,"w":0.9981669783592224},"size":7.031440734863281,"orthographic":true}